{"name":"Reputations","id":2000000,"contentType":"REPUTATION_CONTENT","sources":[{"name":"Alliance Vanguard","npcId":[32564,32773],"objectId":[],"NORMAL_DIFF":[{"id":38453,"reputation":"Revered","droprate":1},{"id":38457,"reputation":"Revered","droprate":1},{"id":38463,"reputation":"Revered","droprate":1},{"id":38455,"reputation":"Revered","droprate":1},{"id":38465,"reputation":"Revered","droprate":1},{"id":38459,"reputation":"Revered","droprate":1},{"id":38464,"reputation":"Revered","droprate":1},{"id":44503,"reputation":"Exalted","droprate":1},{"id":44937,"reputation":"Exalted","droprate":1},{"id":50372,"reputation":"Exalted","droprate":1}]},{"name":"Horde Expedition","npcId":[32565,32774],"objectId":[],"NORMAL_DIFF":[{"id":38456,"reputation":"Revered","droprate":1},{"id":38452,"reputation":"Revered","droprate":1},{"id":38462,"reputation":"Revered","droprate":1},{"id":38454,"reputation":"Revered","droprate":1},{"id":38460,"reputation":"Revered","droprate":1},{"id":38461,"reputation":"Revered","droprate":1},{"id":38458,"reputation":"Revered","droprate":1},{"id":44502,"reputation":"Exalted","droprate":1},{"id":44938,"reputation":"Exalted","droprate":1},{"id":50373,"reputation":"Exalted","droprate":1}]},{"name":"The Wyrmrest Accord","npcId":[32533],"objectId":[],"NORMAL_DIFF":[{"id":43156,"reputation":"Friendly","droprate":1},{"id":44188,"reputation":"Honored","droprate":1},{"id":44187,"reputation":"Honored","droprate":1},{"id":44140,"reputation":"Honored","droprate":1},{"id":44197,"reputation":"Honored","droprate":1},{"id":44196,"reputation":"Honored","droprate":1},{"id":44198,"reputation":"Revered","droprate":1},{"id":50370,"reputation":"Revered","droprate":1},{"id":44201,"reputation":"Revered","droprate":1},{"id":44199,"reputation":"Revered","droprate":1},{"id":42185,"reputation":"Revered","droprate":1},{"id":44200,"reputation":"Revered","droprate":1},{"id":46327,"reputation":"Revered","droprate":1},{"id":46329,"reputation":"Revered","droprate":1},{"id":46333,"reputation":"Revered","droprate":1},{"id":46335,"reputation":"Revered","droprate":1},{"id":46328,"reputation":"Revered","droprate":1},{"id":46330,"reputation":"Revered","droprate":1},{"id":46334,"reputation":"Revered","droprate":1},{"id":46326,"reputation":"Revered","droprate":1},{"id":46331,"reputation":"Revered","droprate":1},{"id":46332,"reputation":"Revered","droprate":1},{"id":44202,"reputation":"Exalted","droprate":1},{"id":43955,"reputation":"Exalted","droprate":1},{"id":44203,"reputation":"Exalted","droprate":1},{"id":44205,"reputation":"Exalted","droprate":1},{"id":44204,"reputation":"Exalted","droprate":1},{"id":41722,"reputation":"Exalted","droprate":1}]},{"name":"Argent Crusade","npcId":[30431],"objectId":[],"NORMAL_DIFF":[{"id":43154,"reputation":"Friendly","droprate":1},{"id":44240,"reputation":"Honored","droprate":1},{"id":44216,"reputation":"Honored","droprate":1},{"id":44239,"reputation":"Honored","droprate":1},{"id":44139,"reputation":"Honored","droprate":1},{"id":50369,"reputation":"Revered","droprate":1},{"id":44245,"reputation":"Revered","droprate":1},{"id":44244,"reputation":"Revered","droprate":1},{"id":44247,"reputation":"Revered","droprate":1},{"id":41726,"reputation":"Revered","droprate":1},{"id":44214,"reputation":"Revered","droprate":1},{"id":44248,"reputation":"Revered","droprate":1},{"id":44283,"reputation":"Exalted","droprate":1},{"id":44297,"reputation":"Exalted","droprate":1},{"id":44296,"reputation":"Exalted","droprate":1},{"id":42187,"reputation":"Exalted","droprate":1},{"id":44295,"reputation":"Exalted","droprate":1}]},{"name":"Kirin Tor","npcId":[32287],"objectId":[],"NORMAL_DIFF":[{"id":43157,"reputation":"Friendly","droprate":1},{"id":44167,"reputation":"Honored","droprate":1},{"id":44166,"reputation":"Honored","droprate":1},{"id":44141,"reputation":"Honored","droprate":1},{"id":44171,"reputation":"Honored","droprate":1},{"id":44170,"reputation":"Honored","droprate":1},{"id":50368,"reputation":"Revered","droprate":1},{"id":44173,"reputation":"Revered","droprate":1},{"id":44179,"reputation":"Revered","droprate":1},{"id":44174,"reputation":"Revered","droprate":1},{"id":44176,"reputation":"Revered","droprate":1},{"id":44180,"reputation":"Exalted","droprate":1},{"id":44183,"reputation":"Exalted","droprate":1},{"id":42188,"reputation":"Exalted","droprate":1},{"id":41718,"reputation":"Exalted","droprate":1},{"id":44181,"reputation":"Exalted","droprate":1},{"id":44182,"reputation":"Exalted","droprate":1}]},{"name":"Knights of the Ebon Blade","npcId":[32538],"objectId":[],"NORMAL_DIFF":[{"id":43155,"reputation":"Friendly","droprate":1},{"id":41562,"reputation":"Friendly","droprate":1},{"id":44243,"reputation":"Honored","droprate":1},{"id":44242,"reputation":"Honored","droprate":1},{"id":44512,"reputation":"Honored","droprate":1},{"id":44241,"reputation":"Honored","droprate":1},{"id":44138,"reputation":"Honored","droprate":1},{"id":50367,"reputation":"Honored","droprate":1},{"id":44249,"reputation":"Revered","droprate":1},{"id":44250,"reputation":"Revered","droprate":1},{"id":42183,"reputation":"Revered","droprate":1},{"id":44257,"reputation":"Revered","droprate":1},{"id":41721,"reputation":"Revered","droprate":1},{"id":44256,"reputation":"Revered","droprate":1},{"id":44258,"reputation":"Revered","droprate":1},{"id":44306,"reputation":"Exalted","droprate":1},{"id":44303,"reputation":"Exalted","droprate":1},{"id":44302,"reputation":"Exalted","droprate":1},{"id":41725,"reputation":"Exalted","droprate":1},{"id":44305,"reputation":"Exalted","droprate":1}]},{"name":"The Sons of Hodir","npcId":[32540],"objectId":[],"NORMAL_DIFF":[{"id":44131,"reputation":"Honored","droprate":1},{"id":44510,"reputation":"Honored","droprate":1},{"id":44129,"reputation":"Honored","droprate":1},{"id":44130,"reputation":"Honored","droprate":1},{"id":44190,"reputation":"Honored","droprate":1},{"id":44132,"reputation":"Honored","droprate":1},{"id":44137,"reputation":"Honored","droprate":1},{"id":44189,"reputation":"Honored","droprate":1},{"id":44195,"reputation":"Revered","droprate":1},{"id":43958,"reputation":"Revered","droprate":1},{"id":44080,"reputation":"Revered","droprate":1},{"id":44192,"reputation":"Revered","droprate":1},{"id":44193,"reputation":"Revered","droprate":1},{"id":44194,"reputation":"Revered","droprate":1},{"id":44191,"reputation":"Revered","droprate":1},{"id":50335,"reputation":"Exalted","droprate":1},{"id":50338,"reputation":"Exalted","droprate":1},{"id":42184,"reputation":"Exalted","droprate":1},{"id":44086,"reputation":"Exalted","droprate":1},{"id":43961,"reputation":"Exalted","droprate":1},{"id":50336,"reputation":"Exalted","droprate":1},{"id":50337,"reputation":"Exalted","droprate":1},{"id":41720,"reputation":"Exalted","droprate":1}]},{"name":"The Kalu'ak","npcId":[32763,31916],"objectId":[],"NORMAL_DIFF":[{"id":41568,"reputation":"Friendly","droprate":1},{"id":44049,"reputation":"Friendly","droprate":1},{"id":44058,"reputation":"Honored","droprate":1},{"id":44511,"reputation":"Honored","droprate":1},{"id":44057,"reputation":"Honored","droprate":1},{"id":44054,"reputation":"Honored","droprate":1},{"id":44061,"reputation":"Honored","droprate":1},{"id":44062,"reputation":"Honored","droprate":1},{"id":41574,"reputation":"Honored","droprate":1},{"id":44055,"reputation":"Honored","droprate":1},{"id":44059,"reputation":"Honored","droprate":1},{"id":44060,"reputation":"Honored","droprate":1},{"id":45774,"reputation":"Revered","droprate":1},{"id":44053,"reputation":"Revered","droprate":1},{"id":44052,"reputation":"Revered","droprate":1},{"id":44509,"reputation":"Revered","droprate":1},{"id":44051,"reputation":"Revered","droprate":1},{"id":44050,"reputation":"Exalted","droprate":1},{"id":44723,"reputation":"Exalted","droprate":1}]},{"name":"The Oracles","npcId":[31910],"objectId":[],"NORMAL_DIFF":[{"id":41567,"reputation":"Honored","droprate":1},{"id":44065,"reputation":"Honored","droprate":1},{"id":44071,"reputation":"Honored","droprate":1},{"id":39878,"reputation":"Revered","droprate":1},{"id":44112,"reputation":"Revered","droprate":1},{"id":44111,"reputation":"Revered","droprate":1},{"id":41724,"reputation":"Revered","droprate":1},{"id":44104,"reputation":"Revered","droprate":1},{"id":44110,"reputation":"Revered","droprate":1},{"id":44109,"reputation":"Revered","droprate":1},{"id":44108,"reputation":"Revered","droprate":1},{"id":44106,"reputation":"Revered","droprate":1},{"id":44074,"reputation":"Exalted","droprate":1}]},{"name":"Frenzyheart Tribe","npcId":[31910],"objectId":[],"NORMAL_DIFF":[{"id":41561,"reputation":"Friendly","droprate":1},{"id":44072,"reputation":"Friendly","droprate":1},{"id":44064,"reputation":"Friendly","droprate":1},{"id":44717,"reputation":"Revered","droprate":1},{"id":44118,"reputation":"Revered","droprate":1},{"id":41723,"reputation":"Revered","droprate":1},{"id":44117,"reputation":"Revered","droprate":1},{"id":44116,"reputation":"Revered","droprate":1},{"id":44122,"reputation":"Revered","droprate":1},{"id":44120,"reputation":"Revered","droprate":1},{"id":44121,"reputation":"Revered","droprate":1},{"id":44123,"reputation":"Revered","droprate":1},{"id":44073,"reputation":"Exalted","droprate":1}]}]}